{
    "display": {
        "title": {
            "text": "Nagy a faszom"
        },
        "description": {
            "text": "Szerezz meg minden ritkább ércet."
        },
        "icon": {
            "item": "minecraft:emerald_ore"
        },
        "frame": "task",
        "show_toast": true,
        "announce_to_chat": true,
        "hidden": false
    },
    "criteria": {
        "cc_big_d": {
            "trigger": "minecraft:inventory_changed",
            "conditions": {
                "items": [
                    {
                        "item": "minecraft:gold_ingot"
                    },
                    {
                        "item": "minecraft:diamond"
                    },
                    {
                        "item": "minecraft:emerald"
                    },
                    {
                        "item": "minecraft:quartz"
                    },
                    {
                        "item": "minecraft:coal"
                    },
                    {
                        "item": "minecraft:iron_ingot"
                    },
                    {
                        "item": "minecraft:redstone"
                    },
                    {
                        "item": "minecraft:lapis_lazuli"
                    }
                ]
            }
        }
    },
    "parent": "cc:cig"
}