{
    "display": {
        "title": {
            "text": "Élet hármas"
        },
        "description": {
            "text": "Ölj egy mobot egy szép nagy dobással."
        },
        "icon": {
            "item": "minecraft:splash_potion"
        },
        "frame": "task",
        "show_toast": true,
        "announce_to_chat": true,
        "hidden": false
    },
    "criteria": {
        "cc_harmas": {
            "trigger": "minecraft:player_killed_entity",
            "conditions": {
                "killing_blow": {
                    "is_magic": true
                }
            }
        }
    },
    "parent": "cc:salt"
}