{
    "display": {
        "icon": {
            "item": "minecraft:iron_ore"
        },
        "title": {
            "text": "Vein miner",
            "color": "white"
        },
        "description": {
            "text": "Mine multiple ores at once. Put a flint inside a stonecutter.",
            "color": "green",
            "italic": true
        },
        "show_toast": false,
        "announce_to_chat": false,
        "frame": "goal"
    },
    "parent": "main:main/collection",
    "criteria": {
        "tick": {
            "trigger": "minecraft:tick"
        }
    }
}