{
    "display": {
        "title": {
            "text": "Blast processing"
        },
        "description": {
            "text": "Craft a blast furnace"
        },
        "icon": {
            "item": "minecraft:blast_furnace"
        },
        "frame": "task",
        "show_toast": true,
        "announce_to_chat": true,
        "hidden": false
    },
    "criteria": {
        "m_craft_blast_furnace": {
            "trigger": "minecraft:inventory_changed",
            "conditions": {
                "items": [
                    {
                        "item": "minecraft:blast_furnace"
                    }
                ]
            }
        }
    },
    "parent": "minep:craft_furnace"
}