{
    "display": {
        "title": {
            "text": "My little smelter"
        },
        "description": {
            "text": "Craft a furnace"
        },
        "icon": {
            "item": "minecraft:furnace"
        },
        "frame": "task",
        "show_toast": true,
        "announce_to_chat": true,
        "hidden": false
    },
    "criteria": {
        "m_craft_furnace": {
            "trigger": "minecraft:inventory_changed",
            "conditions": {
                "items": [
                    {
                        "item": "minecraft:furnace"
                    }
                ]
            }
        }
    },
    "parent": "minep:get_stone"
}