{
    "display": {
        "title": {
            "text": "Butter smooth"
        },
        "description": {
            "text": "Get gold"
        },
        "icon": {
            "item": "minecraft:gold_ingot"
        },
        "frame": "task",
        "show_toast": true,
        "announce_to_chat": true,
        "hidden": false
    },
    "criteria": {
        "m_get_gold": {
            "trigger": "minecraft:inventory_changed",
            "conditions": {
                "items": [
                    {
                        "item": "minecraft:gold_ore"
                    }
                ]
            }
        }
    },
    "parent": "minep:get_iron"
}