{
    "display": {
        "title": {
            "text": "I Smell Pennies!"
        },
        "description": {
            "text": "Get emerald"
        },
        "icon": {
            "item": "minecraft:emerald"
        },
        "frame": "task",
        "show_toast": true,
        "announce_to_chat": true,
        "hidden": false
    },
    "criteria": {
        "m_get_emerald": {
            "trigger": "minecraft:inventory_changed",
            "conditions": {
                "items": [
                    {
                        "item": "minecraft:emerald"
                    }
                ]
            }
        }
    },
    "parent": "minep:get_iron"
}