{
    "display": {
        "title": {
            "text": "Mining"
        },
        "description": {
            "text": "More advancements about mining"
        },
        "icon": {
            "item": "minecraft:wooden_pickaxe"
        },
        "frame": "task",
        "show_toast": false,
        "announce_to_chat": false,
        "hidden": false,
        "background": "minecraft:textures/gui/advancements/backgrounds/stone.png"
    },
    "criteria": {
        "m_root": {
            "trigger": "minecraft:tick"
        }
    }
}