{
    "display": {
        "title": {
            "text": "Infinite power"
        },
        "description": {
            "text": "The song by TheFatRat"
        },
        "icon": {
            "item": "minecraft:redstone_block"
        },
        "frame": "goal",
        "show_toast": true,
        "announce_to_chat": true,
        "hidden": false
    },
    "criteria": {
        "m_stack_redstone": {
            "trigger": "minecraft:inventory_changed",
            "conditions": {
                "items": [
                    {
                        "item": "minecraft:redstone_block",
                        "count": 64
                    }
                ]
            }
        }
    },
    "parent": "minep:get_redstone"
}