{
    "display": {
        "title": {
            "text": "You're a Wizard"
        },
        "description": {
            "text": "(∩｀-´)⊃━☆ﾟ.*･｡ﾟ"
        },
        "icon": {
            "item": "minecraft:lapis_block"
        },
        "frame": "goal",
        "show_toast": true,
        "announce_to_chat": true,
        "hidden": false
    },
    "criteria": {
        "m_get_lapis": {
            "trigger": "minecraft:inventory_changed",
            "conditions": {
                "items": [
                    {
                        "item": "minecraft:lapis_block",
                        "count": 64
                    }
                ]
            }
        }
    },
    "parent": "minep:get_lapis"
}