{
    "display": {
        "title": {
            "text": "Expensive waste"
        },
        "description": {
            "text": "What even can you make from this much gold?"
        },
        "icon": {
            "item": "minecraft:gold_block"
        },
        "frame": "goal",
        "show_toast": true,
        "announce_to_chat": true,
        "hidden": false
    },
    "criteria": {
        "m_stack_gold": {
            "trigger": "minecraft:inventory_changed",
            "conditions": {
                "items": [
                    {
                        "item": "minecraft:gold_block",
                        "count": 64
                    }
                ]
            }
        }
    },
    "parent": "minep:get_gold"
}